date,open,high,close,low,volume,price_change,p_change,ma5,ma10,ma20,v_ma5,v_ma10,v_ma20
2015-05-18,24.39,26.84,26.84,24.03,92474.7,2.44,10.0,24.43,23.269,22.808,61416.89,55392.97,47732.77
2015-05-15,23.99,24.83,24.4,23.16,62571.49,0.46,1.92,23.632,22.954,22.575,50031.89,52629.56,46095.32
2015-05-14,24.03,24.05,23.94,23.5,43320.2,0.06,0.25,23.11,22.786,22.488,43504.93,51553.63,44861.55
2015-05-13,23.06,24.45,23.88,23.0,70635.88,0.79,3.42,22.58,22.589,22.446,43179.37,49902.21,44773.43
2015-05-12,22.85,23.7,23.09,22.58,38082.17,0.24,1.05,22.106,22.361,22.479,39261.14,46377.9,44124.16
2015-05-11,21.99,23.0,22.85,21.95,35549.72,1.06,4.87,22.108,22.319,22.503,49369.05,46734.37,44340.99
2015-05-08,21.78,21.86,21.79,21.38,29936.68,0.5,2.35,22.276,22.263,22.536,55227.24,46370.48,44729.66
2015-05-07,21.15,22.0,21.29,20.95,41692.41,-0.22,-1.02,22.462,22.344,22.581,59602.33,46856.13,46094.26
2015-05-06,23.1,23.38,21.51,21.0,51044.7,-1.59,-6.88,22.598,22.46,22.71,56625.04,46406.72,48046.94
2015-05-05,23.7,24.55,23.1,22.86,88621.74,-0.59,-2.49,22.616,22.521,22.778,53494.66,44468.91,48199.84
2015-05-04,22.62,24.53,23.69,22.54,64840.65,0.97,4.27,22.53,22.347,22.758,44099.7,40072.57,46670.42
2015-04-30,21.98,23.35,22.72,21.98,51812.15,0.75,3.41,22.25,22.196,22.712,37513.72,39561.07,48164.05
2015-04-29,21.67,22.24,21.97,21.51,26805.98,0.37,1.71,22.226,22.189,22.685,34109.93,38169.47,49821.09
2015-04-28,22.72,22.73,21.6,21.38,35392.8,-1.07,-4.72,22.322,22.302,22.595,36188.4,39644.66,51638.45
2015-04-27,22.59,23.25,22.67,22.58,41646.91,0.38,1.71,22.426,22.597,22.494,35443.16,41870.42,52541.73
2015-04-24,22.21,22.54,22.29,21.8,31910.76,-0.31,-1.37,22.164,22.686,22.325,36045.44,41947.6,52080.37
2015-04-23,22.45,22.91,22.6,22.45,34793.19,0.15,0.67,22.142,22.808,22.185,41608.42,43088.85,54886.43
2015-04-22,22.12,22.96,22.45,22.05,37198.33,0.33,1.49,22.152,22.818,21.995,42229.02,45332.38,55222.61
2015-04-21,21.15,22.14,22.12,21.15,31666.61,0.76,3.56,22.282,22.959,21.801,43100.91,49687.16,56105.15
2015-04-20,22.11,22.32,21.36,21.36,44658.3,-0.82,-3.7,22.768,23.035,21.648,48297.67,51930.76,56645.0
2015-04-17,22.21,22.66,22.18,21.85,59725.68,-0.47,-2.08,23.208,23.169,21.53,47849.75,53268.26,56373.75
2015-04-16,22.79,23.7,22.65,21.5,37896.16,-0.45,-1.95,23.474,23.227,21.381,44569.27,56767.04,55840.6
2015-04-15,24.56,24.73,23.1,23.1,41557.81,-1.45,-5.91,23.484,23.181,21.19,48435.75,61472.7,56138.49
2015-04-14,23.6,24.75,24.55,23.02,57650.42,0.99,4.2,23.636,22.888,20.968,56273.41,63632.24,55989.21
2015-04-13,23.49,24.15,23.56,23.23,42418.7,0.05,0.21,23.302,22.39,20.672,55563.85,63213.04,54710.69
2015-04-10,22.62,23.67,23.51,22.45,43323.27,0.81,3.57,23.13,21.963,20.409,58686.77,62213.15,53490.78
2015-04-09,24.15,24.15,22.7,21.8,57228.55,-1.16,-4.86,22.98,21.562,20.146,68964.8,66684.01,52828.62
2015-04-08,22.88,24.44,23.86,22.68,80746.11,0.98,4.28,22.878,21.172,19.919,74509.65,65112.83,52195.48
2015-04-07,22.69,23.26,22.88,22.4,54102.6,0.18,0.79,22.14,20.642,19.656,70991.07,62523.15,51469.15
2015-04-03,22.57,23.07,22.7,22.2,58033.32,-0.06,-0.26,21.478,20.26,19.457,70862.24,61359.25,55448.29
2015-04-02,22.17,23.26,22.76,21.63,94713.41,0.57,2.57,20.796,19.89,19.309,65739.53,59479.24,58727.21
2015-04-01,20.0,22.19,22.19,20.0,84952.79,2.02,10.02,20.144,19.534,19.105,64403.23,54914.17,58543.67
2015-03-31,19.56,20.5,20.17,19.46,63153.21,0.6,3.07,19.466,19.199,18.905,55716.02,50804.29,55565.95
2015-03-30,19.35,19.9,19.57,19.33,53458.47,0.28,1.45,19.144,19.048,18.791,54055.23,48346.19,54224.05
2015-03-27,19.4,19.48,19.29,19.11,32419.76,-0.21,-1.08,19.042,18.953,18.725,51856.26,46208.35,53294.65
2015-03-26,18.66,19.79,19.5,18.62,88031.93,0.7,3.72,18.984,18.855,18.682,53218.94,44768.41,54809.2
2015-03-25,18.58,18.9,18.8,18.31,41516.71,0.24,1.29,18.924,18.729,18.605,45425.11,38973.23,52532.18
2015-03-24,19.07,19.09,18.56,18.02,54849.28,-0.5,-2.62,18.932,18.666,18.565,45892.56,39278.13,54405.3
2015-03-23,18.93,19.09,19.06,18.86,42463.61,0.06,0.32,18.952,18.67,18.504,42637.14,40415.16,51687.09
2015-03-20,19.21,19.35,19.0,18.87,39233.18,-0.2,-1.04,18.864,18.654,18.419,40560.43,49537.33,51153.24
2015-03-19,18.9,19.35,19.2,18.69,49062.76,0.36,1.91,18.726,18.727,18.333,36317.88,57975.19,50306.03
2015-03-18,18.66,18.85,18.84,18.56,43853.96,0.18,0.96,18.534,18.676,18.241,32521.36,62173.17,49984.11
2015-03-17,18.62,18.78,18.66,18.38,38572.2,0.04,0.21,18.4,18.61,18.148,32663.71,60327.61,49174.01
2015-03-16,18.32,18.74,18.62,18.31,32080.07,0.31,1.69,18.388,18.534,18.047,38193.18,60101.92,48050.81
2015-03-13,18.29,18.36,18.31,18.2,18020.39,0.07,0.38,18.444,18.496,17.945,58514.23,60380.96,47246.61
2015-03-12,18.18,18.36,18.24,18.05,30080.17,0.07,0.39,18.728,18.508,17.842,79632.49,64849.99,47050.92
2015-03-11,18.53,18.6,18.17,18.12,44565.71,-0.43,-2.31,18.818,18.481,17.732,91824.99,66091.13,46656.8
2015-03-10,18.98,18.98,18.6,18.33,66219.54,-0.3,-1.59,18.82,18.463,17.641,87991.52,69532.47,45663.38
2015-03-09,19.1,19.68,18.9,18.66,133685.33,-0.83,-4.21,18.68,18.338,17.539,82010.67,62959.01,43459.29
2015-03-06,18.53,19.88,19.73,18.36,123611.72,1.04,5.56,18.548,18.183,17.428,62247.68,52769.15,37597.49
2015-03-05,18.17,18.87,18.69,17.85,91042.64,0.51,2.81,18.288,17.939,17.266,50067.49,42636.88,32473.23
2015-03-04,17.85,18.3,18.18,17.7,25398.36,0.28,1.56,18.144,17.806,17.149,40357.27,37795.05,28708.26
2015-03-03,18.2,18.2,17.9,17.63,36315.31,-0.34,-1.86,18.106,17.685,17.069,51073.42,38020.41,28303.68
2015-03-02,18.25,18.36,18.24,18.0,34870.39,-0.19,-1.03,17.996,17.56,17.017,43907.36,35999.69,27871.25
2015-02-27,17.88,18.78,18.43,17.72,62710.77,0.46,2.56,17.818,17.394,16.933,43290.62,34112.26,27271.58
2015-02-26,17.89,18.1,17.97,17.66,42491.52,-0.02,-0.11,17.59,17.176,16.841,35206.26,29251.84,25015.0
2015-02-25,17.32,18.18,17.99,17.3,78979.1,0.64,3.69,17.468,16.982,16.757,35232.83,27222.47,23692.39
2015-02-24,17.28,17.35,17.35,17.2,485.0,0.0,0.0,17.264,16.818,16.685,24967.4,21794.29,20862.41
2015-02-17,17.36,17.36,17.35,17.02,31786.7,0.06,0.35,17.124,16.739,16.636,28092.03,23959.57,22288.1
2015-02-16,17.17,17.34,17.29,17.15,22288.99,-0.07,-0.4,16.97,16.672,16.572,24933.89,22425.82,21520.22
2015-02-13,16.91,17.48,17.36,16.86,42624.36,0.39,2.3,16.762,16.593,16.487,23297.43,22309.58,21272.09
2015-02-12,16.61,17.16,16.97,16.61,27651.96,0.32,1.92,16.496,16.491,16.423,19212.11,19621.47,19722.58
2015-02-11,16.58,16.76,16.65,16.42,16108.15,0.07,0.42,16.372,16.453,16.372,18621.18,18586.95,18972.18
2015-02-10,16.25,16.58,16.58,16.12,15996.01,0.33,2.03,16.354,16.474,16.335,19827.11,19742.81,18673.48
2015-02-09,16.03,16.31,16.25,15.88,14106.66,0.22,1.37,16.374,16.471,16.314,19917.76,20430.91,18571.39
2015-02-06,16.33,16.44,16.03,15.85,22197.76,-0.32,-1.96,16.424,16.506,16.314,21321.73,20778.15,19255.95
2015-02-05,16.66,16.75,16.35,16.3,24697.31,-0.21,-1.27,16.486,16.532,16.311,20030.84,20162.32,19615.03
2015-02-04,16.65,16.74,16.56,16.43,22137.83,-0.12,-0.72,16.534,16.551,16.278,18552.72,19930.54,18856.69
2015-02-03,16.55,16.79,16.68,16.51,16449.22,0.18,1.09,16.594,16.533,16.235,19658.5,20616.62,18310.78
2015-02-02,16.18,16.69,16.5,16.11,21126.53,0.16,0.98,16.568,16.471,16.187,20944.06,20614.62,18172.27
2015-01-30,16.57,16.65,16.34,16.24,15743.32,-0.25,-1.51,16.588,16.38,16.137,20234.58,20234.61,17567.03
2015-01-29,16.8,16.8,16.59,16.52,17306.72,-0.27,-1.6,16.578,16.354,16.086,20293.79,19823.68,17126.24
2015-01-28,16.51,16.89,16.86,16.4,27666.7,0.31,1.87,16.568,16.291,16.015,21308.35,19357.4,16677.31
2015-01-27,16.61,16.71,16.55,16.34,22877.01,-0.05,-0.3,16.472,16.196,15.946,21574.74,17604.14,15866.66
2015-01-26,16.35,16.62,16.6,16.31,17579.14,0.31,1.9,16.374,16.156,15.91,20285.18,16711.87,15171.39
2015-01-23,16.57,16.63,16.29,16.21,16039.37,-0.25,-1.51,16.172,16.121,15.866,20234.64,17733.74,14772.46
2015-01-22,16.4,16.6,16.54,16.26,22379.52,0.16,0.98,16.13,16.09,15.832,19353.58,19067.75,14450.43
2015-01-21,16.12,16.49,16.38,16.12,28998.67,0.32,1.99,16.014,16.005,15.764,17406.46,17782.84,14108.18
2015-01-20,15.6,16.07,16.06,15.6,16429.22,0.47,3.02,15.92,15.937,15.703,13633.55,16004.94,13524.76
2015-01-19,15.9,16.07,15.59,15.46,17326.42,-0.49,-3.05,15.938,15.902,15.702,13138.56,15729.92,13605.85
2015-01-16,15.9,16.16,16.08,15.88,11634.07,0.12,0.75,16.07,15.894,15.742,15232.83,14899.45,13603.55
2015-01-15,15.9,16.09,15.96,15.73,12643.9,0.05,0.31,16.05,15.817,15.764,18781.93,14428.8,14147.71
2015-01-14,16.15,16.33,15.91,15.9,10134.13,-0.24,-1.49,15.996,15.739,15.806,18159.22,13997.21,14655.1
2015-01-13,16.25,16.26,16.15,16.02,13954.26,-0.1,-0.61,15.954,15.696,15.859,18376.32,14129.18,16144.56
2015-01-12,15.98,16.4,16.25,15.86,27797.81,0.27,1.69,15.866,15.664,15.873,18321.29,13630.92,16185.17
2015-01-09,15.7,16.4,15.98,15.7,29379.54,0.29,1.85,15.718,15.61,15.873,14566.07,11811.19,15519.57
2015-01-08,15.7,15.88,15.69,15.65,9530.37,-0.01,-0.06,15.584,15.573,15.879,10075.67,9833.11,14851.66
2015-01-07,15.71,15.8,15.7,15.61,11219.64,-0.01,-0.06,15.482,15.522,15.876,9835.2,10433.53,15566.43
2015-01-06,15.52,15.73,15.71,15.43,13679.08,0.2,1.29,15.438,15.469,15.898,9882.04,11044.59,15989.61
2015-01-05,15.33,15.62,15.51,15.22,9021.74,0.2,1.31,15.462,15.501,15.929,8940.55,11481.78,16729.04
2014-12-31,15.18,15.34,15.31,15.18,6927.52,0.13,0.86,15.502,15.59,16.0,9056.3,12307.65,18388.16
2014-12-30,15.48,15.5,15.18,15.18,8328.01,-0.3,-1.94,15.562,15.71,16.082,9590.56,13866.63,20489.75
2014-12-29,15.69,15.78,15.48,15.4,11453.86,-0.35,-2.21,15.562,15.872,16.142,11031.86,15312.98,21020.79
2014-12-26,15.78,15.85,15.83,15.57,8971.61,0.12,0.76,15.5,16.021,16.177,12207.13,18159.94,21630.53
2014-12-25,15.7,15.75,15.71,15.5,9600.49,0.1,0.64,15.54,16.081,16.216,14023.0,18739.43,22225.21
2014-12-24,15.21,15.64,15.61,15.21,9598.82,0.43,2.83,15.678,16.136,16.262,15559.01,19227.96,22865.95
2014-12-23,15.19,15.43,15.18,15.0,15534.53,0.01,0.07,15.858,16.185,16.307,18142.7,19870.21,23192.06
2014-12-22,15.95,15.97,15.17,15.1,17330.2,-0.86,-5.37,16.182,16.23,16.376,19594.1,20699.33,23299.38
2014-12-19,16.5,16.5,16.03,15.91,18050.97,-0.37,-2.26,16.542,16.327,16.44,24112.75,20934.63,23265.36
2014-12-18,16.6,16.66,16.4,16.38,17280.51,-0.11,-0.67,16.622,16.356,16.454,23455.86,21976.31,22894.11
2014-12-17,16.78,16.78,16.51,16.48,22517.3,-0.29,-1.73,16.594,16.41,16.442,22896.92,24468.68,22571.09
2014-12-16,16.97,16.98,16.8,16.66,22791.51,-0.17,-1.0,16.512,16.453,16.424,21597.72,27112.86,22004.39
2014-12-15,16.5,17.33,16.97,16.43,39923.44,0.54,3.29,16.278,16.411,16.38,21804.56,26728.61,21382.82
2014-12-12,16.23,16.45,16.43,16.16,14766.52,0.17,1.05,16.112,16.333,16.324,17756.52,25101.13,20003.77
2014-12-11,16.0,16.26,16.26,15.94,14485.83,0.16,0.99,16.09,16.35,16.286,20496.76,25710.99,19943.49
2014-12-10,15.71,16.11,16.1,15.58,16021.32,0.47,3.01,16.226,16.388,16.269,26040.43,26503.93,19820.48
2014-12-09,16.1,16.3,15.63,15.6,23825.7,-0.51,-3.16,16.394,16.429,16.272,32628.0,26513.9,19797.9
2014-12-08,16.26,16.26,16.14,16.01,19683.24,-0.18,-1.1,16.544,16.522,16.298,31652.65,25899.44,19735.21
2014-12-05,16.94,16.95,16.32,16.2,28467.7,-0.62,-3.66,16.554,16.553,16.33,32445.73,25596.09,19490.71
2014-12-04,16.85,17.05,16.94,16.73,42204.19,0.0,0.0,16.61,16.551,16.343,30925.22,23811.91,18954.41
2014-12-03,16.38,17.44,16.94,16.33,48959.17,0.56,3.42,16.55,16.473,16.338,26967.43,20673.51,17820.13
2014-12-02,16.19,16.49,16.38,16.06,18948.95,0.19,1.17,16.464,16.394,16.335,20399.8,16895.91,17036.42
2014-12-01,16.58,16.62,16.19,16.14,23648.66,-0.41,-2.47,16.5,16.349,16.332,20146.22,16037.04,17113.34
2014-11-28,16.62,16.71,16.6,16.42,20865.14,-0.04,-0.24,16.552,16.315,16.354,18746.44,14906.41,17002.6
2014-11-27,16.56,16.76,16.64,16.5,22415.23,0.13,0.79,16.492,16.222,16.356,16698.59,14176.0,17072.44
2014-11-26,16.57,16.64,16.51,16.39,16121.02,-0.05,-0.3,16.396,16.149,16.343,14379.59,13137.02,16885.77
2014-11-25,16.46,16.59,16.56,16.39,17681.07,0.11,0.67,16.324,16.114,16.332,13392.02,13081.91,16930.1
2014-11-24,16.33,16.62,16.45,16.33,16649.75,0.15,0.92,16.198,16.073,16.313,11927.85,13570.98,16912.47
2014-11-21,16.15,16.4,16.3,16.03,10625.89,0.14,0.87,16.078,16.106,16.28,11066.38,13385.34,16497.86
2014-11-20,16.09,16.23,16.16,15.91,10820.2,0.01,0.06,15.952,16.135,16.247,11653.4,14096.92,16522.17
2014-11-19,15.94,16.24,16.15,15.91,11183.21,0.22,1.38,15.902,16.203,16.222,11894.46,14966.75,16867.41
2014-11-18,15.85,15.95,15.93,15.73,10360.2,0.08,0.51,15.904,16.276,16.22,12771.79,17176.94,17234.11
2014-11-17,15.66,15.94,15.85,15.58,12342.41,0.18,1.15,15.948,16.314,16.244,15214.11,18189.64,17912.04
2014-11-14,15.86,15.95,15.67,15.5,13560.97,-0.24,-1.51,16.134,16.392,16.293,15704.3,19098.79,18719.97
2014-11-13,16.16,16.18,15.91,15.87,12025.49,-0.25,-1.55,16.318,16.49,16.325,16540.45,19968.89,20138.36
2014-11-12,15.99,16.2,16.16,15.9,15569.88,0.01,0.06,16.504,16.536,16.371,18039.05,20634.53,22976.13
2014-11-11,16.86,16.92,16.15,15.86,22571.81,-0.63,-3.75,16.648,16.55,16.447,21582.08,20778.29,27841.01
2014-11-10,16.65,16.82,16.78,16.5,14793.33,0.19,1.15,16.68,16.553,16.486,21165.16,20253.97,29603.5
2014-11-07,16.94,16.96,16.59,16.47,17741.72,-0.25,-1.49,16.65,16.453,16.45,22493.28,19610.39,29630.76
2014-11-06,16.88,17.0,16.84,16.65,19518.5,-0.04,-0.24,16.662,16.359,16.42,23397.34,18947.42,29578.63
2014-11-05,16.31,16.98,16.88,16.27,33285.05,0.57,3.5,16.568,16.241,16.385,23230.0,18768.08,29475.83
2014-11-04,16.6,16.69,16.31,16.25,20487.2,-0.32,-1.92,16.452,16.163,16.355,19974.5,17291.29,28588.87
2014-11-03,16.68,16.85,16.63,16.46,21433.94,-0.02,-0.12,16.426,16.174,16.353,19342.77,17634.44,28487.59
2014-10-31,16.36,16.7,16.65,16.31,22262.02,0.28,1.71,16.256,16.193,16.329,16727.49,18341.16,28611.2
2014-10-30,16.3,16.61,16.37,16.24,18681.8,0.07,0.43,16.056,16.16,16.292,14497.49,20307.83,28193.17
2014-10-29,16.2,16.44,16.3,16.17,17007.52,0.12,0.74,15.914,16.206,16.265,14306.15,25317.73,28081.82
2014-10-28,15.85,16.23,16.18,15.83,17328.59,0.4,2.54,15.874,16.344,16.244,14608.08,34903.73,27950.53
2014-10-27,15.5,15.86,15.78,15.36,8357.53,0.13,0.83,15.922,16.418,16.217,15926.1,38953.04,27720.82
2014-10-24,15.57,15.78,15.65,15.5,11112.0,-0.01,-0.06,16.13,16.447,16.202,19954.83,39651.13,27941.86
2014-10-23,16.04,16.08,15.66,15.5,17725.1,-0.44,-2.73,16.264,16.481,16.205,26118.18,40209.84,27945.62
2014-10-22,16.4,16.5,16.1,16.0,18517.16,-0.32,-1.95,16.498,16.529,16.204,36329.3,40183.59,27692.93
2014-10-21,16.75,16.79,16.42,16.31,23918.71,-0.4,-2.38,16.814,16.547,16.177,55199.39,39886.46,27518.87
2014-10-20,16.33,16.84,16.82,16.26,28501.16,0.5,3.06,16.914,16.532,16.124,61979.98,39340.73,27586.72
2014-10-17,16.76,16.76,16.32,16.1,41928.76,-0.51,-3.03,16.764,16.465,16.089,59347.43,38881.23,27331.56
2014-10-16,17.6,17.6,16.83,16.8,68780.73,-0.85,-4.81,16.698,16.423,16.069,54301.5,36078.5,26467.83
2014-10-15,16.95,18.36,17.68,16.66,112867.59,0.76,4.49,16.56,16.323,16.021,44037.88,30845.91,25564.47
2014-10-14,16.01,16.92,16.92,15.98,57821.65,0.85,5.29,16.28,16.143,15.922,24573.52,20997.33,21109.59
2014-10-13,16.03,16.09,16.07,15.78,15338.43,0.08,0.5,16.15,16.015,15.857,16701.49,16488.6,19043.15
2014-10-10,16.15,16.2,15.99,15.95,16699.12,-0.15,-0.93,16.166,15.957,15.83,18415.03,16232.6,19190.69
2014-10-09,16.27,16.33,16.14,15.96,17462.6,-0.14,-0.86,16.148,15.928,15.808,17855.49,15681.4,19369.53
2014-10-08,16.28,16.35,16.28,16.15,15545.82,0.01,0.06,16.086,15.878,15.773,17653.94,15202.27,19961.81
2014-09-30,16.16,16.29,16.27,16.1,18461.48,0.12,0.74,16.006,15.806,15.736,17421.13,15151.28,21516.14
2014-09-29,15.9,16.2,16.15,15.9,23906.15,0.25,1.57,15.88,15.715,15.705,16275.71,15832.71,22755.48
2014-09-26,15.81,15.93,15.9,15.65,13901.42,0.07,0.44,15.748,15.713,15.661,14050.16,15781.88,23513.93
2014-09-25,15.89,16.09,15.83,15.76,16454.82,-0.05,-0.32,15.708,15.714,15.6,13507.31,16857.17,23426.63
2014-09-24,15.66,15.92,15.88,15.6,14381.79,0.24,1.53,15.67,15.718,15.536,12750.6,20283.03,23276.17
2014-09-23,15.49,15.67,15.64,15.42,12734.37,0.15,0.97,15.606,15.701,15.478,12881.44,21221.85,23233.44
2014-09-22,15.68,15.75,15.49,15.46,12778.4,-0.21,-1.34,15.55,15.698,15.456,15389.7,21597.69,23685.25
2014-09-19,15.62,15.76,15.7,15.52,11187.16,0.06,0.38,15.678,15.703,15.433,17513.61,22148.78,23532.05
2014-09-18,15.41,15.77,15.64,15.39,12671.26,0.08,0.51,15.72,15.687,15.4,20207.03,23057.66,23639.56
2014-09-17,15.36,15.57,15.56,15.18,15035.99,0.2,1.3,15.766,15.667,15.367,27815.46,24721.36,23611.27
2014-09-16,16.12,16.15,15.36,15.36,25275.7,-0.77,-4.77,15.796,15.666,15.334,29562.25,27880.99,23639.68
2014-09-15,15.93,16.17,16.13,15.88,23397.92,0.22,1.38,15.846,15.694,15.309,27805.68,29678.25,23047.22
2014-09-12,15.75,15.95,15.91,15.65,24654.29,0.04,0.25,15.728,15.609,15.238,26783.95,31245.98,22366.86
2014-09-11,16.0,16.48,15.87,15.8,50713.38,0.16,1.02,15.654,15.485,15.172,25908.29,29996.09,21780.69
2014-09-10,15.59,15.75,15.71,15.46,23769.98,0.1,0.64,15.568,15.354,15.118,21627.25,26269.31,20053.24
2014-09-09,15.54,15.65,15.61,15.42,16492.83,0.07,0.45,15.536,15.255,15.07,26199.73,25245.04,20109.73
2014-09-05,15.54,15.64,15.54,15.39,18289.27,0.0,0.0,15.542,15.213,15.011,31550.83,25772.81,19828.39
2014-09-04,15.46,15.54,15.54,15.23,20275.99,0.1,0.65,15.49,15.163,14.948,35708.02,24915.32,19698.11
2014-09-03,15.47,15.66,15.44,15.36,29308.2,-0.11,-0.71,15.316,15.112,14.892,34083.89,24221.46,19958.9
2014-09-02,15.42,15.64,15.55,15.2,46632.35,-0.09,-0.57,15.14,15.066,14.839,30911.36,22501.18,18871.42
2014-09-01,15.21,15.69,15.64,15.11,43248.32,0.36,2.36,14.974,15.002,14.779,24290.35,19398.36,16975.31
2014-08-29,14.69,15.4,15.28,14.69,39075.23,0.61,4.16,14.884,14.923,14.711,19994.79,16416.18,15218.37
2014-08-28,14.57,14.77,14.67,14.47,12155.33,0.11,0.76,14.836,14.867,14.649,14122.62,13487.74,13889.56
2014-08-27,14.72,14.8,14.56,14.51,13445.59,-0.16,-1.09,14.908,14.859,14.628,14359.03,13565.29,13899.41
2014-08-26,15.1,15.16,14.72,14.67,13527.29,-0.47,-3.09,14.992,14.882,14.615,14090.99,13837.17,14172.13
2014-08-25,15.03,15.27,15.19,14.95,21770.5,0.15,1.0,15.03,14.885,14.583,14506.37,14974.42,14090.85
2014-08-22,15.04,15.07,15.04,14.88,9714.39,0.01,0.07,14.962,14.809,14.523,12837.58,13883.96,13507.96
2014-08-21,14.93,15.06,15.03,14.8,13337.36,0.05,0.33,14.898,14.732,14.462,12852.87,14480.9,13308.61
2014-08-20,14.96,15.07,14.98,14.85,12105.42,0.07,0.47,14.81,14.671,14.394,12771.56,15696.35,13016.56
2014-08-19,14.85,15.1,14.91,14.84,15604.16,0.06,0.4,14.772,14.612,14.33,13583.35,15241.66,12847.61
2014-08-18,14.72,14.92,14.85,14.72,13426.57,0.13,0.88,14.74,14.556,14.28,15442.48,14552.26,12412.05
2014-08-15,14.59,14.76,14.72,14.53,9790.82,0.13,0.89,14.656,14.498,14.23,14930.35,14020.56,11970.18
2014-08-14,14.79,14.94,14.59,14.59,12930.82,-0.2,-1.35,14.566,14.431,14.186,16108.93,14291.37,11747.61
2014-08-13,14.79,14.97,14.79,14.53,16164.37,0.04,0.27,14.532,14.397,14.145,18621.15,14233.54,11360.86
2014-08-12,14.42,14.86,14.75,14.39,24899.82,0.32,2.22,14.452,14.347,14.092,16899.97,14507.08,11119.51
2014-08-11,14.27,14.48,14.43,14.2,10865.91,0.16,1.12,14.372,14.28,14.057,13662.05,13207.27,10419.96
2014-08-08,14.39,14.39,14.27,14.18,15683.75,-0.15,-1.04,14.34,14.236,14.036,13110.78,13131.95,10504.99
2014-08-07,14.4,14.95,14.42,14.32,25491.88,0.03,0.21,14.296,14.191,14.026,12473.81,12136.31,10698.92
2014-08-06,14.3,14.41,14.39,14.25,7558.51,0.04,0.28,14.262,14.116,14.021,9845.93,10336.77,12192.9
2014-08-05,14.31,14.36,14.35,14.21,8710.18,0.08,0.56,14.242,14.047,14.014,12114.19,10453.57,12988.78
2014-08-04,14.09,14.29,14.27,14.05,8109.59,0.22,1.57,14.188,14.003,13.972,12752.5,10271.83,13060.68
2014-08-01,14.2,14.36,14.05,14.05,12498.89,-0.2,-1.4,14.132,13.962,13.94,13153.13,9919.79,13130.95
2014-07-31,14.22,14.39,14.25,14.1,12352.47,-0.04,-0.28,14.086,13.941,13.918,11798.81,9203.85,12755.17
2014-07-30,14.08,14.39,14.29,13.96,18899.81,0.21,1.49,13.97,13.892,13.886,10827.6,8488.19,12545.67
2014-07-29,14.02,14.12,14.08,13.95,11901.72,0.09,0.64,13.852,13.836,13.848,8792.94,7731.93,11979.46
2014-07-28,13.79,14.05,13.99,13.76,10112.74,0.17,1.23,13.818,13.833,13.814,7791.17,7632.66,11668.67
2014-07-25,13.59,13.83,13.82,13.58,5727.31,0.15,1.1,13.792,13.836,13.785,6686.45,7878.03,11416.75
2014-07-24,13.69,13.77,13.67,13.58,7496.43,-0.03,-0.22,13.796,13.861,13.759,6608.89,9261.54,11461.8
2014-07-23,13.91,14.0,13.7,13.61,8726.51,-0.21,-1.51,13.814,13.925,13.737,6148.77,14049.03,11477.99
2014-07-22,13.9,13.95,13.91,13.78,6892.86,0.05,0.36,13.82,13.981,13.703,6670.92,15523.99,11343.79
2014-07-21,13.81,13.96,13.86,13.78,4589.14,0.02,0.14,13.848,13.94,13.665,7474.14,15849.52,11191.94
2014-07-18,13.87,14.03,13.84,13.74,5339.5,0.08,0.58,13.88,13.918,13.626,9069.61,16342.12,11212.79
2014-07-17,13.73,13.85,13.76,13.72,5195.85,0.03,0.22,13.926,13.894,13.579,11914.19,16306.49,11210.98
2014-07-16,14.05,14.05,13.73,13.72,11337.27,-0.32,-2.28,14.036,13.879,13.534,21949.29,16603.15,11320.81
2014-07-15,14.01,14.16,14.05,13.91,10908.96,0.03,0.21,14.142,13.86,13.507,24377.06,16226.99,11094.52
2014-07-14,14.2,14.2,14.02,13.85,12566.49,-0.05,-0.35,14.032,13.795,13.486,24224.89,15704.68,10820.58
2014-07-11,14.13,14.3,14.07,13.87,19562.38,-0.24,-1.68,13.956,13.733,13.473,23614.62,14955.46,10555.55
2014-07-10,14.01,14.88,14.31,13.93,55371.33,0.05,0.35,13.862,13.656,13.454,20698.79,13662.07,10174.0
2014-07-09,13.45,14.3,14.26,13.42,23476.13,0.76,5.63,13.722,13.549,13.418,11257.02,8906.95,7746.46
2014-07-08,13.55,13.58,13.5,13.25,10148.13,-0.14,-1.03,13.578,13.424,13.376,8076.91,7163.58,6819.31
2014-07-07,13.6,13.83,13.64,13.6,9515.14,0.04,0.29,13.558,13.39,13.373,7184.46,6534.35,6602.17
2014-07-04,13.61,13.71,13.6,13.53,4983.21,-0.01,-0.07,13.51,13.333,13.35,6296.31,6083.47,6367.84
2014-07-03,13.54,13.65,13.61,13.5,8162.47,0.07,0.52,13.45,13.263,13.332,6625.34,6115.47,6377.66
2014-07-02,13.42,13.64,13.54,13.42,7575.62,0.14,1.04,13.376,13.189,13.319,6556.88,6038.46,6245.89
2014-07-01,13.39,13.46,13.4,13.28,5685.86,0.1,0.75,13.27,13.153,13.303,6250.25,5962.06,6186.17
2014-06-30,13.31,13.47,13.4,13.31,5074.37,0.1,0.75,13.222,13.176,13.312,5884.25,5936.49,6074.98
2014-06-27,13.25,13.34,13.3,13.17,6628.39,0.06,0.45,13.156,13.212,13.321,5870.63,6155.63,6000.59
2014-06-26,13.09,13.29,13.24,13.02,7820.17,0.23,1.77,13.076,13.252,13.334,5605.61,6685.94,5846.62
2014-06-25,13.1,13.23,13.01,13.0,6042.46,-0.15,-1.14,13.002,13.287,13.357,5520.04,6585.98,5694.18
2014-06-24,13.06,13.17,13.16,13.03,3855.84,0.09,0.69,13.036,13.328,13.386,5673.87,6475.03,5699.31
2014-06-23,12.92,13.18,13.07,12.92,5006.3,0.17,1.32,13.13,13.355,13.414,5988.73,6670.0,5847.58
2014-06-20,12.85,13.04,12.9,12.8,5303.26,0.03,0.23,13.268,13.367,13.443,6440.64,6652.21,5835.33
2014-06-19,13.22,13.37,12.87,12.85,7392.32,-0.31,-2.35,13.428,13.4,13.476,7766.26,6639.85,6125.44
2014-06-18,13.75,13.75,13.18,13.09,6811.63,-0.45,-3.3,13.572,13.448,13.521,7651.93,6453.33,6216.17
2014-06-17,13.64,13.69,13.63,13.55,5430.13,-0.13,-0.94,13.62,13.452,13.556,7276.19,6410.27,6703.2
2014-06-16,13.66,13.84,13.76,13.6,7265.85,0.06,0.44,13.58,13.448,13.581,7351.26,6213.46,8462.23
2014-06-13,13.69,13.91,13.7,13.51,11931.39,0.11,0.81,13.466,13.43,13.568,6863.79,5845.54,8889.08
2014-06-12,13.43,13.6,13.59,13.3,6820.63,0.17,1.27,13.372,13.415,13.536,5513.43,5007.3,8534.3
2014-06-11,13.35,13.48,13.42,13.22,4932.94,-0.01,-0.07,13.324,13.426,13.526,5254.72,4802.39,8342.11
2014-06-10,13.3,13.43,13.43,13.16,5805.51,0.24,1.82,13.284,13.444,13.523,5544.35,4923.59,8315.07
2014-06-09,13.24,13.28,13.19,13.12,4828.48,-0.04,-0.3,13.316,13.473,13.52,5075.66,5025.17,8311.63
2014-06-06,13.35,13.36,13.23,13.16,5179.6,-0.12,-0.9,13.394,13.519,13.537,4827.29,5018.44,8494.95
2014-06-05,13.2,13.38,13.35,13.14,5527.09,0.13,0.98,13.458,13.551,13.554,4501.16,5611.03,8679.14
2014-06-04,13.54,13.57,13.22,13.18,6381.09,-0.37,-2.72,13.528,13.594,13.566,4350.05,5979.01,8864.56
2014-06-03,13.58,13.74,13.59,13.51,3462.06,0.01,0.07,13.604,13.66,13.588,4302.82,6996.13,9019.77
2014-05-30,13.55,13.68,13.58,13.52,3586.59,0.03,0.22,13.63,13.714,13.587,4974.67,10710.99,9390.29
2014-05-29,13.7,13.73,13.55,13.52,3548.99,-0.15,-1.09,13.644,13.705,13.588,5209.6,11932.61,9804.84
2014-05-28,13.59,13.74,13.7,13.54,4771.53,0.1,0.73,13.644,13.656,13.591,6720.89,12061.31,10286.05
2014-05-27,13.72,13.75,13.6,13.56,6144.92,-0.12,-0.88,13.66,13.625,13.582,7607.96,11881.83,10745.6
2014-05-26,13.76,13.85,13.72,13.63,6821.33,0.07,0.51,13.716,13.602,13.58,9689.43,11706.55,11163.84
2014-05-23,13.63,13.71,13.65,13.51,4761.23,0.1,0.74,13.798,13.566,13.566,16447.3,11598.09,11598.09
2014-05-22,13.73,13.84,13.55,13.52,11105.44,-0.23,-1.67,13.766,13.557,13.557,18655.63,12357.74,12357.74
2014-05-21,13.72,13.85,13.78,13.57,9206.88,-0.1,-0.72,13.668,13.558,13.558,17401.73,12514.28,12514.28
2014-05-20,14.01,14.01,13.88,13.71,16552.28,-0.25,-1.77,13.59,13.526,13.526,16155.7,12986.77,12986.77
2014-05-19,13.5,14.63,14.13,13.5,40610.69,0.64,4.74,13.488,13.467,13.467,13723.66,12392.52,12392.52
2014-05-16,13.04,13.55,13.49,12.8,15802.84,0.43,3.29,13.334,13.334,13.334,6748.88,6748.88,6748.88
2014-05-15,13.39,13.39,13.06,13.04,4835.98,-0.33,-2.46,13.295,13.295,13.295,4485.39,4485.39,4485.39
2014-05-14,13.36,13.47,13.39,13.33,2976.73,0.02,0.15,13.373,13.373,13.373,4368.53,4368.53,4368.53
2014-05-13,13.36,13.55,13.37,13.26,4392.08,0.01,0.07,13.365,13.365,13.365,5064.43,5064.43,5064.43
2014-05-12,13.12,13.42,13.36,13.12,5736.78,0.39,3.01,13.36,13.36,13.36,5736.78,5736.78,5736.78
